de;2833;pre
le;1880;art_def
à;1758;pre
être;1670;aux
la;1605;art_def
et;1592;con
il;1423;pro_per
l;1205;art_def
avoir;1061;aux
les;1052;art_def
ne;955;adv_sup
en;913;pre
un;888;art_ind
du;760;art_def
d;730;pre
que;659;pro_rel
fogg;656;nr
des;655;art_ind
une;634;art_ind
se;585;pro_per
qui;575;pro_rel
s;570;pro_per
dans;549;pre
ce;530;pro_dem
son;483;adj_pos
pas;476;adv_sup
passepartout;431;nr
mais;400;con
qu;395;con
au;388;art_def
sur;383;pre
faire;347;ver_sup
vous;340;pro_per
plus;333;adv_sup
lui;331;pro_per
heure;311;nom
pour;307;pre
phileas;301;nr
on;301;pro_per
par;293;pre
mr;289;nr
dire;285;ver_sup
cette;278;adj_dem
fix;276;nr
sa;261;adj_pos
ses;257;adj_pos
c;249;pro_dem
pouvoir;247;ver_sup
je;244;pro_per
répondre;231;ver
avec;217;pre
tout;195;pro_ind
bien;192;adv_sup
si;189;con
mille;179;nom_sup
sans;174;pre
comme;167;con
y;162;pro_per
jour;157;nom
monsieur;155;nom_sup
elle;155;pro_per
ces;150;adj_dem
aller;149;ver
devoir;148;ver_sup
prendre;145;ver
deux;141;adj_num
aouda;136;nr
mrs;131;nr
passer;129;ver
train;128;nom
après;128;pre
quelques;125;adj_ind
nous;121;pro_per
même;120;pro_ind
maître;119;nom
ils;119;pro_per
donc;114;con
dont;113;pro_rel
ni;110;con
voir;109;ver
là;107;ono
savoir;106;ver_sup
ou;106;con
homme;106;nom
gentleman;105;nom
temps;104;nom
quand;104;con
grand;104;adj
demander;104;ver
arriver;103;ver
vouloir;102;ver_sup
leur;101;pro_per
aux;101;art_def
encore;100;adv_sup
pendant;95;adj_sup
peu;91;nom_sup
non;89;pro_per
trouver;88;ver
aussi;86;adv_sup
vers;85;pre
partir;85;ver
paquebot;84;nom
arrêter;84;ver
venir;83;ver
quitter;83;ver
où;83;pro_rel
j;83;pro_per
entre;83;pre
cela;82;pro_dem
rien;81;pro_ind
point;80;nom_sup
femme;78;nom
anglais;78;adj
puis;77;con
moins;77;adv_sup
voyageur;76;nom
fort;76;adj_sup
alors;75;adv_sup
mon;74;adj_pos
jeune;74;adj
falloir;74;ver_sup
livre;73;nom
tous;72;pro_ind
mettre;72;ver
moment;71;nom
main;71;nom
reprendre;70;ver
très;68;adv_sup
toute;68;adj_ind
sous;68;pre
huit;68;adj_num
attendre;67;ver
écrier;66;ver
trois;66;adj_num
mer;66;nom
tenir;65;ver
rester;65;ver
kong;65;nr
hong;65;nr
effet;65;nom
londres;63;nr
coup;63;nom
cet;63;adj_dem
bord;63;nom
vingt;62;adj_num
wagon;61;nom
croire;61;ver_sup
comprendre;61;ver
bombay;61;nr
voyage;60;nom
ville;60;nom
t;60;pro_per
monde;60;nom
cent;60;adj_num
votre;59;adj_pos
avant;58;pre
long;57;adj
ainsi;57;adv_sup
soir;56;nom
me;56;pro_per
garçon;56;nom
autre;56;pro_ind
sir;55;nom
instant;55;adj
police;54;nom
oui;54;adv_sup
minute;54;nom
laisser;54;ver
inspecteur;54;nom
affaire;54;nom
jamais;53;adv_sup
francis;53;nr
club;53;nom
pied;52;nom
donner;52;ver
regarder;51;ver
premier;51;adj
domestique;51;nom
moi;50;pro_per
départ;50;nom
dernier;50;adj
depuis;50;pre
cinq;50;adj_num
fois;49;nom
enfin;49;adv_sup
vent;48;nom
station;48;nom
car;48;con
port;47;nom
montrer;47;ver
entendre;47;ver
cromarty;47;nr
contre;47;pre
suivre;46;ver
seul;46;adj
route;46;nom
manquer;46;ver
rendre;45;ver
matin;45;nom
cependant;45;con
agent;45;nom
yokohama;44;nr
tour;44;nom
oeil;44;nom
marcher;44;ver
leurs;44;adj_pos
indien;44;nom
gagner;44;ver
toujours;43;adv_sup
passager;43;nom
pari;43;nom
paraître;43;ver
or;42;con
jusqu_à;42;pre
inde;42;nom
guide;42;nom
capitaine;42;nom
bon;42;adj_sup
assez;42;adv_sup
travers;41;nom
toutes;41;pro_ind
nuit;41;nom
navire;41;nom
comment;41;con
autres;41;pro_ind
américain;41;nom
vitesse;40;nom
tête;40;nom
sembler;40;ver
retard;40;nom
perdre;40;ver
maison;39;nom
compagnon;39;nom
terre;38;nom
reform;38;nr
quatre;38;adj_num
partie;38;nom
m;38;pro_per
entrer;38;ver
dix;38;adj_num
devant;38;pre
vapeur;37;nom
porte;37;nom
pilote;37;nom
maintenant;37;adv_sup
français;37;adj
cents;37;adj_num
bientôt;37;adv
angleterre;37;nom
petit;36;adj
offrir;36;ver
mongolia;36;nr
milieu;36;nom
gare;36;ono
fer;36;nom
eau;36;nom
déjà;36;ono
ailleurs;36;adv_sup
six;35;adj_num
revenir;35;ver
pont;35;nom
place;35;nom
descendre;35;ver
état;34;nom
éléphant;34;nom
voleur;34;nom
quelque;34;adj_ind
quant;34;nom_sup
peut_être;34;adv_sup
midi;34;nom
aussitôt;34;adv
traversée;33;nom
traverser;33;ver
suivant;33;adj
seulement;33;adv
pays;33;nom
parler;33;ver
new;33;adj
doute;33;nom
demi;33;adj_sup
connaître;33;ver
pourquoi;32;con
général;32;adj
beau;32;adj
ajouter;32;ver
suer;31;ver
stuart;31;nr
rangoon;31;nr
personne;31;pro_ind
neuf;31;adj
liverpool;31;nr
lendemain;31;nom_sup
jouer;31;ver
eh;31;ono
courir;31;ver
convenir;31;ver
compagnie;31;nom
chose;31;nom
york;30;nom
sortir;30;ver
rue;30;nom
lever;30;ver
honnête;30;adj
consul;30;nom
colonel;30;nom
chambre;30;nom
carnatic;30;nr
vivre;29;ver
sorte;29;nom
sentir;29;ver
san;29;nr
recevoir;29;ver
porter;29;ver
laquelle;29;pro_rel
jeter;29;ver
compter;29;ver
calcutta;29;nr
apercevoir;29;ver
andrew;29;nr
air;29;nom
agir;29;ver
quai;28;nom
parsi;28;nom
pagode;28;nom
honorable;28;adj
haut;28;adj
francisco;28;nr
chemin;28;nom
cas;28;nom
aucun;28;adj_ind
ah;28;ono
voix;27;nom
tard;27;adv_sup
retenir;27;ver
mot;27;nom
ma;27;adj_pos
ici;27;adv_sup
franchir;27;ver
compte;27;nom
aucune;27;adj_ind
steamer;26;nom
sept;26;adj_num
prêt;26;adj
penser;26;ver
parole;26;nom
onze;26;adj_num
moyen;26;adj
mandat;26;nom
loin;26;adv_sup
eux;26;pro_per
détective;26;nom
commencer;26;ver
autour;26;adv_sup
atteindre;26;ver
voile;25;nom
voie;25;nom
trop;25;adv_sup
somme;25;nom
servir;25;ver
quoi;25;pro_rel
quel;25;adj_int
quatre_vingts;25;adj_num
proctor;25;nr
mécanicien;25;nom
monter;25;ver
locomotive;25;nom
john;25;nr
hôtel;25;nom
décembre;25;nom
difficile;25;adj
d_abord;25;adv_sup
cri;25;nom
échapper;24;ver
vrai;24;adj
ouvrir;24;ver
octobre;24;nom
occuper;24;ver
nom;24;nom
ligne;24;nom
juge;24;nom
immense;24;adj
honneur;24;nom
henrietta;24;nr
diriger;24;ver
devenir;24;ver
conduire;24;ver
coeur;24;nom
chez;24;pre
certain;24;adj_ind
bras;24;nom
arrière;24;ono
voiture;23;nom
voici;23;pre
séparer;23;ver
sieur;23;nom
reconnaître;23;ver
question;23;nom
mauvais;23;adj
lieu;23;nom
collègue;23;nom
brigadier;23;nom
amérique;23;nom
accomplir;23;ver
absolument;23;adv
tomber;22;ver
regard;22;nom
rail;22;nom
prix;22;nom
plusieurs;22;adj_ind
omaha;22;nr
nouveau;22;adj
neige;22;nom
côte;22;nom
celui_ci;22;pro_dem
bateau;22;nom
auquel;22;pro_rel
apprendre;22;ver
vol;21;nom
unir;21;ver
toutefois;21;adv_sup
tankadère;21;nr
simple;21;adj
service;21;nom
présenter;21;ver
précipiter;21;ver
prononcer;21;ver
peine;21;nom
passage;21;nom
machine;21;nom
japonais;21;adj
idée;21;nom
emporter;21;ver
embarquer;21;ver
douze;21;adj_num
couvrir;21;ver
conducteur;21;nom
condition;21;nom
chaque;21;adj_ind
chance;21;nom
cabine;21;nom
brave;21;adj
blanc;21;adj
afin;21;adv_sup
vie;20;nom
vaste;20;adj
traîneau;20;nom
retrouver;20;ver
quelle;20;adj_int
mouvement;20;nom
montagne;20;nom
journée;20;nom
goëlette;20;nr
froid;20;adj
feu;20;nom
espérer;20;ver
esprit;20;nom
elles;20;pro_per
bureau;20;nom
brûler;20;ver
battre;20;ver
banque;20;nom
autant;20;adv_sup
approcher;20;ver
apparaître;20;ver
000;20;num
voilà;19;pre
territoire;19;nom
speedy;19;nr
simplement;19;adv
rouge;19;adj
rentrer;19;ver
rajah;19;nom
possible;19;adj
permettre;19;ver
part;19;nom
noir;19;adj
nez;19;nom
madame;19;nom_sup
lancer;19;ver
jeu;19;nom
intérêt;19;nom
former;19;ver
façon;19;nom
face;19;nom
droit;19;nom
chercher;19;ver
charger;19;ver
ceux;19;pro_dem
au_dessus;19;pre
arrivée;19;nom
établir;18;ver
élever;18;ver
écouter;18;ver
sud;18;nom
songer;18;ver
sauter;18;ver
quarante_cinq;18;adj_num
prime;18;nom
pousser;18;ver
parcourir;18;ver
membre;18;nom
large;18;adj
jusqu_au;18;pre
gros;18;adj
foule;18;nom
européen;18;nom
cinquante;18;adj_num
calme;18;nom
briser;18;ver
an;18;nom_sup
allahabad;18;nr
évidemment;17;adv
tirer;17;ver
tant;17;adv_sup
suffire;17;ver
sonner;17;ver
soleil;17;nom
seconde;17;nom
saville;17;nr
sauver;17;ver
salon;17;nom
répéter;17;ver
row;17;nr
road;17;nr
ralph;17;nr
raison;17;nom
prêtre;17;nom
prévenir;17;ver
près;17;pre
presser;17;ver
pensée;17;nom
indigène;17;nom
impossible;17;adj
habitude;17;nom
fr;17;nr
fortune;17;nom
filer;17;ver
europe;17;nr
déjeuner;17;ver
distance;17;nom
disparaître;17;ver
coucher;17;ver
cité;17;nom
chinois;17;adj
bois;17;nom
avancer;17;ver
argent;17;nom
animal;17;nom
abandonner;17;ver
île;16;nom
whist;16;nom
table;16;nom
souvent;16;adv_sup
soin;16;nom
sioux;16;adj
sac;16;nom
retarder;16;ver
rapidement;16;adv
rapide;16;adj
projet;16;nom
produire;16;ver
parcours;16;nom
oublier;16;ver
ordre;16;nom
obstacle;16;nom
observer;16;ver
notre;16;adj_pos
nombreux;16;adj
nombre;16;nom
nature;16;nom
mort;16;nom
mormon;16;adj
lequel;16;pro_rel
jusqu;16;pre
hasard;16;nom
gens;16;nom
décider;16;ver
demain;16;adv_sup
ciel;16;nom
bunsby;16;nr
bank_note;16;nom
acheter;16;ver
étonner;15;ver
éprouver;15;ver
énorme;15;adj
troupe;15;nom
tenter;15;ver
temple;15;nom
shangaï;15;nr
river;15;ver
riche;15;adj
rencontre;15;nom
remarquer;15;ver
promener;15;ver
poing;15;nom
payer;15;ver
parmi;15;pre
mieux;15;adv_sup
manger;15;ver
japon;15;nom
itinéraire;15;nom
indou;15;adj
froidement;15;adv
frais;15;adj
environ;15;adv_sup
débarquer;15;ver
côté;15;nom
couper;15;ver
corps;15;nom
coquin;15;nom
continuer;15;ver
celui;15;pro_dem
bas;15;adj
avouer;15;ver
asseoir;15;ver
arrestation;15;nom
arbre;15;nom
ami;15;nom
équipage;14;nom
soldat;14;nom
signalement;14;nom
ruiner;14;ver
relever;14;ver
plein;14;pre
personnage;14;nom
parfois;14;adv_sup
pacifique;14;adj
nouvelle;14;adj
nord;14;nom
lui_même;14;pro_per
kearney;14;nr
journal;14;nom
intérieur;14;adj
important;14;adj
gouvernement;14;nom
frapper;14;ver
forêt;14;nom
fermer;14;ver
empêcher;14;ver
embarcation;14;nom
curieux;14;adj
courant;14;nom
circonstance;14;nom
chine;14;nom
carte;14;nom
bande;14;nom
avance;14;nom
appeler;14;ver
amener;14;ver
adversaire;14;nom
accepter;14;ver
21;14;num
étendre;13;ver
épaule;13;nom
vingt_quatre;13;adj_num
tromper;13;ver
tempête;13;nom
sérieux;13;adj
surtout;13;adv_sup
sifflet;13;nom
scène;13;nom
samedi;13;nom
réglementaire;13;adj
roue;13;nom
rive;13;nom
risquer;13;ver
rire;13;ver
rencontrer;13;ver
remettre;13;ver
rejoindre;13;ver
programme;13;nom
principal;13;adj
presque;13;adv_sup
magnifique;13;adj
lame;13;nom
lac;13;nom
interrompre;13;ver
indiquer;13;ver
horloge;13;nom
glisser;13;ver
gauthier;13;nr
fixer;13;ver
figure;13;nom
enlever;13;ver
droite;13;nom
celle;13;pro_dem
appartenir;13;ver
annoncer;13;ver
aider;13;ver
adresser;13;ver
achever;13;ver
accuser;13;ver
élancer;12;ver
vraiment;12;adv
vieux;12;adj
victime;12;nom
tandis_que;12;con
suite;12;nom
sud_est;12;nom
sol;12;nom
situation;12;nom
singapore;12;nr
salle;12;nom
revolver;12;nom
reconnaissance;12;nom
railway;12;nom
près_de;12;adv
poursuivre;12;ver
poche;12;nom
pauvre;12;adj
passerelle;12;nom
oser;12;ver
opérer;12;ver
malgré;12;pre
mal;12;adv_sup
lèvre;12;nom
lorsque;12;con
force;12;nom
extrêmement;12;adv
extrême;12;adj
engager;12;ver
employé;12;nom
employer;12;ver
contraire;12;nom
considérable;12;adj
confortable;12;adj
chapeau;12;nom
certainement;12;adv
autrefois;12;pro_ind
aspect;12;nom
arracher;12;ver
année;12;nom
admirable;12;adj
admettre;12;ver
accompagner;12;ver
évident;11;adj
étranger;11;nom
émotion;11;nom
éclater;11;ver
vivement;11;adv
traiter;11;ver
tracer;11;ver
tourner;11;ver
terrible;11;adj
surprendre;11;ver
retourner;11;ver
retour;11;nom
renverser;11;ver
religion;11;nom
rappeler;11;ver
raconter;11;ver
quart;11;nom
quarante;11;adj_num
pénétrer;11;ver
puisque;11;con
précisément;11;adv
policeman;11;nom
plaire;11;ver
palanquin;11;nom
opium;11;nom
nécessaire;11;adj
novembre;11;nom
mêler;11;ver
meilleur;11;adj
manière;11;nom
incident;11;nom
immédiatement;11;adv
hors;11;pre
fumée;11;nom
fonder;11;ver
finir;11;ver
figurer;11;ver
faute;11;nom
extrémité;11;nom
endroit;11;nom
désert;11;adj
dépenser;11;ver
directeur;11;nom
directement;11;adv
dieu;11;nom
demeurer;11;ver
craindre;11;ver
colère;11;nom
chef;11;nom
ceci;11;pro_dem
capitale;11;nom
brume;11;nom
branche;11;nom
assurer;11;ver
affirmer;11;ver
épais;10;adj
vigoureux;10;adj
veille;10;nom
union;10;nom
tranquillement;10;adv
ton;10;nom_sup
tel;10;adj_ind
succès;10;nom
société;10;nom
sauvage;10;adj
sacrifice;10;nom
résoudre;10;ver
réflexion;10;nom
récit;10;nom
robe;10;nom
rivière;10;nom
regretter;10;ver
refuser;10;ver
recommander;10;ver
recherche;10;nom
rapidité;10;nom
quelquefois;10;adv_sup
poste;10;nom
pillaji;10;nr
partenaire;10;nom
parce_que;10;con
obliger;10;ver
obadiah;10;nr
naturel;10;adj
mât;10;nom
modifier;10;ver
minuit;10;nom
mes;10;adj_pos
marin;10;nom
malheureux;10;adj
maintenir;10;ver
lutte;10;nom
lire;10;ver
libre;10;adj
inutile;10;adj
inquiétude;10;nom
inquiéter;10;ver
ingénieur;10;nom
influence;10;nom
impassible;10;adj
hésiter;10;ver
humain;10;adj
horizon;10;nom
heureusement;10;adv
groupe;10;nom
greffier;10;nom
garde;10;nom
franc;10;nom
forcer;10;ver
fond;10;nom
fin;10;adj
exister;10;ver
etc;10;adv
dîner;10;nom
détacher;10;ver
dépasser;10;ver
décidément;10;adv
dollar;10;nom
divers;10;adj_ind
digne;10;adj
creek;10;nom
contrée;10;nom
contenir;10;ver
compromettre;10;ver
cinquante_cinq;10;adj_num
cheveu;10;nom
charbon;10;nom
bâtiment;10;nom
bruit;10;nom
brindisi;10;nr
batulcar;10;nr
aventure;10;nom
ancien;10;adj
7;10;num
éteindre;9;ver
vêtir;9;ver
véritable;9;adj
voyager;9;ver
visa;9;nom
vif;9;adj
veuf;9;nom
vendre;9;ver
veiller;9;ver
usage;9;nom
toucher;9;ver
toile;9;nom
terminer;9;ver
telle;9;adj_ind
surface;9;nom
soulier;9;nom
soixante;9;adj_num
smyth;9;nr
sinon;9;con
serviteur;9;nom
saint;9;nom
sacré;9;adj
royaume;9;nom
qualité;9;nom
prévoir;9;ver
présence;9;nom
plupart;9;adv_sup
plaine;9;nom
patron;9;nom
parier;9;ver
parfaitement;9;adv
parent;9;nom
officier;9;nom
négociant;9;nom
métropolitain;9;adj
murmurer;9;ver
mudge;9;nr
million;9;nom_sup
joueur;9;nom
instrument;9;nom
histoire;9;nom
gouverneur;9;nom
geste;9;nom
gauche;9;nom
garder;9;ver
frère;9;nom
flanagan;9;nr
fidèle;9;adj
excentrique;9;adj
essayer;9;ver
envoyer;9;ver
dès;9;pre
dos;9;nom
dormir;9;ver
disposition;9;nom
direct;9;adj
deviner;9;ver
derrière;9;pre
dehors;9;ono
degré;9;nom
cours;9;nom
cou;9;nom
conversation;9;nom
coin;9;nom
cheval;9;nom
cher;9;adj
charmant;9;adj
certaine;9;adj_ind
causer;9;ver
cause;9;nom
bête;9;adj
but;9;nom
bundelkund;9;nr
besoin;9;nom
beaucoup;9;adv_sup
aden;9;nr
accident;9;nom
20;9;num
2;9;num
11;9;num
égal;8;adj
écouler;8;ver
volontiers;8;adv_sup
valoir;8;ver
travail;8;nom
transporter;8;ver
tournant;8;adj
thomas;8;nom
sûreté;8;nom
sûr;8;adj
suspendre;8;ver
sullivan;8;nr
soutenir;8;ver
situer;8;ver
singulièrement;8;adv
singulier;8;adj
samuel;8;nr
réserver;8;ver
réfléchir;8;ver
rouler;8;ver
revoir;8;ver
retirer;8;ver
retentir;8;ver
ressembler;8;ver
repousser;8;ver
reparaître;8;ver
ranger;8;ver
rang;8;nom
ramener;8;ver
rade;8;nom
race;8;nom
péninsule;8;nom
prudent;8;adj
prison;8;nom
prairie;8;nom
posséder;8;ver
poser;8;ver
population;8;nom
poignée;8;nom
platte;8;nr
placer;8;ver
pacific;8;nr
oreille;8;nom
océan;8;nom
nommer;8;ver
méridien;8;nom
mourir;8;ver
mois;8;nom
mission;8;nom
mercredi;8;nom
marquer;8;ver
marché;8;nom
kiouni;8;nr
ivresse;8;nom
institution;8;nom
impatience;8;nom
hélice;8;nom
houle;8;nom
heureux;8;adj
habiter;8;ver
habit;8;nom
grave;8;adj
gaz;8;nom
gange;8;nr
fuir;8;ver
foi;8;nom
fenêtre;8;nom
expliquer;8;ver
exercice;8;nom
examiner;8;ver
entrevoir;8;ver
entretenir;8;ver
entier;8;adj
enchanté;8;adj
dévouement;8;nom
détail;8;nom
désappointement;8;nom
dépêcher;8;ver
décrire;8;ver
disposer;8;ver
dent;8;nom
date;8;nom
dame;8;nom
célèbre;8;adj
coûter;8;ver
convoi;8;nom
continent;8;nom
consulaire;8;adj
composer;8;ver
commerce;8;nom
chicago;8;nr
ceinture;8;nom
cacher;8;ver
bénarès;8;nr
base;8;nom
audacieux;8;adj
arrêt;8;nom
appuyer;8;ver
apparence;8;nom
aile;8;nom
affluent;8;nom
époque;7;nom
voler;7;ver
visiter;7;ver
visage;7;nom
vingt_cinq;7;adj_num
utile;7;adj
utah;7;nr
uns;7;pro_ind
transport;7;nom
tranquille;7;adj
tiens;7;ono
taille;7;nom
tabagie;7;nom
surprise;7;nom
sourire;7;ver
soigneusement;7;adv
soie;7;nom
silence;7;nom
signal;7;nom
serré;7;adj
secouer;7;ver
sauveur;7;nom
saler;7;ver
révérend;7;nom
réponse;7;nom
réduire;7;ver
ruine;7;nom
retomber;7;ver
remonter;7;ver
regagner;7;ver
rapporter;7;ver
quinze;7;adj_num
péninsulaire;7;adj
préparer;7;ver
provoquer;7;ver
prophète;7;nom
prolonger;7;ver
profiter;7;ver
prochain;7;adj
prisonnier;7;nom
pourtant;7;adv_sup
plutôt;7;adv
plume;7;nom
plaindre;7;ver
perte;7;nom
parvenir;7;ver
partance;7;nom
mathématiquement;7;adv
manoeuvrer;7;ver
lutter;7;ver
lumière;7;nom
loi;7;nom
lit;7;nom
joie;7;nom
intéresser;7;ver
intention;7;nom
importer;7;ver
imaginer;7;ver
halte;7;nom
general;7;nr
fureur;7;nom
front;7;nom
flèche;7;nom
fleur;7;nom
flegmatique;7;adj
flanc;7;nom
favorable;7;adj
fallentin;7;nr
facile;7;adj
expression;7;nom
exact;7;adj
espace;7;nom
entrée;7;nom
détroit;7;nom
déposer;7;ver
défendre;7;ver
douter;7;ver
dock;7;nom
direction;7;nom
diminuer;7;ver
considérer;7;ver
connaissance;7;nom
conclure;7;ver
compromis;7;nom
complet;7;adj
communication;7;nom
commander;7;ver
coiffer;7;ver
chasser;7;ver
changer;7;ver
champ;7;nom
cesser;7;ver
certes;7;adv_sup
certaines;7;adj_ind
celles;7;pro_dem
c_est_à_dire;7;adv_sup
bûcher;7;nom
bâtir;7;ver
brique;7;nom
bec;7;nom
autrement;7;adv
arme;7;nom
aimer;7;ver
acte;7;nom
6;7;num
1;7;num
éviter;6;ver
élégant;6;adj
éloigner;6;ver
élevé;6;adj
égard;6;nom
échouer;6;ver
âge;6;nom
william;6;nom
w;6;nom
vêtement;6;nom
vérité;6;nom
véhicule;6;nom
voisin;6;nom
vivant;6;adj
vitre;6;nom
vingtaine;6;nom
treize;6;adj_num
transatlantique;6;nom
trait;6;nom
trace;6;nom
tigre;6;nom
tam_tam;6;nom
sutty;6;nr
suprême;6;adj
superbe;6;adj
subir;6;ver
stamp;6;nr
sommeil;6;nom
singe;6;nom
signe;6;nom
signaler;6;ver
serrer;6;ver
seize;6;adj_num
sectateur;6;nom
sec;6;adj
satisfaction;6;nom
sang_froid;6;nom
sacrifier;6;ver
sacramento;6;nr
réussir;6;ver
réunir;6;ver
régulièrement;6;adv
régler;6;ver
rompre;6;ver
représentation;6;nom
reposer;6;ver
repos;6;nom
redevenir;6;ver
rassurer;6;ver
rare;6;adj
rafale;6;nom
quelles;6;adj_int
quelconque;6;adj_sup
queenstown;6;nr
pur;6;adj
public;6;nom
préoccuper;6;ver
précéder;6;ver
précaution;6;nom
promettre;6;ver
procurer;6;ver
pressentiment;6;nom
possession;6;nom
position;6;nom
portant;6;adj
pointe;6;nom
pittoresque;6;adj
phrase;6;nom
pavillon;6;nom
partout;6;adv_sup
partager;6;ver
pareil;6;adj
pardonner;6;ver
ombre;6;nom
occasion;6;nom
obtenir;6;ver
observation;6;nom
nord_ouest;6;nom
nord_est;6;nom
métier;6;nom
moyenne;6;nom
mont;6;nom
moitié;6;nom
moindre;6;adj_sup
meeting;6;nom
marque;6;nom
malle;6;nom
malebar;6;nr
léger;6;adj
lueur;6;nom
james;6;nr
jambe;6;nom
irrésistible;6;adj
inutilement;6;adv
insister;6;ver
inscrire;6;ver
immobile;6;adj
ignorer;6;ver
house;6;nom
hiver;6;nom
hill;6;nr
hauteur;6;nom
habitant;6;nom
généreux;6;adj
grâce;6;pre
great;6;nr
grant;6;nr
goutte;6;nom
gain;6;nom
fournir;6;ver
folie;6;nom
fleuve;6;nom
fils;6;nom
fauve;6;nom
fameux;6;adj
faillir;6;ver
exposer;6;ver
existence;6;nom
exactitude;6;nom
envahir;6;ver
entraîner;6;ver
enlèvement;6;nom
enfant;6;nom
empire;6;nom
embranchement;6;nom
elder;6;nr
développer;6;ver
détonation;6;nom
définitivement;6;adv
défaut;6;nom
durer;6;ver
douane;6;nom
discuter;6;ver
diable;6;ono
debout;6;adv_sup
crier;6;ver
couverture;6;nom
court;6;adj
course;6;nom
couleur;6;nom
corde;6;nom
coque;6;nom
contenter;6;ver
conséquent;6;adj
consulter;6;ver
constater;6;ver
conserver;6;ver
confiance;6;nom
complice;6;nom
commettre;6;ver
commerçant;6;nom
combat;6;nom
colonne;6;nom
clown;6;nom
civil;6;adj
city;6;nom
citoyen;6;nom
circuler;6;ver
cheminée;6;nom
chaîne;6;nom
chauffer;6;ver
char;6;nom
chacun;6;pro_ind
ceux_ci;6;pro_dem
certains;6;adj_ind
campagne;6;nom
calculer;6;ver
bref;6;adv
bout;6;nom
bourse;6;nom
bourgade;6;nom
bordeaux;6;adj
boire;6;ver
barre;6;nom
baring;6;nr
banquette;6;nom
banc;6;nom
balle;6;nom
baisser;6;ver
bagage;6;nom
aviser;6;ver
attirer;6;ver
atlantique;6;adj
article;6;nom
armer;6;ver
appareil;6;nom
animer;6;ver
action;6;nom
accroître;6;ver
14;6;num
13;6;num
étroit;5;adj
étonnement;5;nom
établissement;5;nom
épanouir;5;ver
émouvoir;5;ver
écraser;5;ver
éclair;5;nom
échelle;5;nom
çà;5;adv
zèle;5;nom
vite;5;adv_sup
violent;5;adj
violence;5;nom
vindhias;5;nr
vigoureusement;5;adv
viande;5;nom
vallée;5;nom
valeur;5;nom
tôt;5;adv
témoin;5;nom
tuer;5;ver
troubler;5;ver
trente;5;adj_num
transformer;5;ver
tordre;5;ver
torche;5;nom
toilette;5;nom
tingou;5;nr
théâtre;5;nom
terrestre;5;adj
tendre;5;ver
teint;5;nom
sévère;5;adj
sérieusement;5;adv
supposer;5;ver
supplice;5;nom
succéder;5;ver
street;5;nr
steam;5;nr
statue;5;nom
spécial;5;adj
soumettre;5;ver
soulever;5;ver
souffler;5;ver
soudain;5;adv_sup
sombre;5;adj
solidement;5;adv
siège;5;nom
sentiment;5;nom
semer;5;ver
sang;5;nom
saluer;5;ver
saison;5;nom
saisir;5;ver
sabre;5;nom
réveiller;5;ver
régulier;5;adj
région;5;nom
royal;5;adj
respecter;5;ver
reproduire;5;ver
relâcher;5;ver
religieux;5;adj
reine;5;nom
recouvrir;5;ver
recommencer;5;ver
raser;5;ver
rapprocher;5;ver
quartier;5;nom
pâle;5;adj
purser;5;nr
puissant;5;adj
puisqu;5;con
prétendre;5;ver
présent;5;nom
précieux;5;adj
propre;5;adj
proposer;5;ver
profond;5;adj
procession;5;nom
probable;5;adj
portier;5;nom
populaire;5;adj
poliment;5;adv
poids;5;nom
plain;5;nom
pipe;5;nom
pendule;5;nom
parbleu;5;ono
palmier;5;nom
paire;5;nom
orner;5;ver
original;5;nom
oriental;5;adj
oh;5;ono
ogden;5;nr
obscurité;5;nom
nu;5;adj
nourrir;5;ver
naturellement;5;adv
muraille;5;nom
morning;5;nr
mormonisme;5;nr
morceau;5;nom
mesure;5;nom
merveilleusement;5;adv
merci;5;ono
medicine;5;nr
masse;5;nom
marée;5;nom
mariage;5;nom
marcheur;5;nom
marchand;5;nom
mandiboy;5;nr
légèrement;5;adv
loup;5;nom
lord;5;nom
liasse;5;nom
lesquels;5;pro_rel
lapin;5;nom
kamerfield;5;nr
jeunesse;5;nom
island;5;nr
invraisemblable;5;adj
invariablement;5;adv
introduire;5;ver
intelligent;5;adj
installer;5;ver
inspirer;5;ver
indépendant;5;adj
imperturbable;5;adj
hâte;5;nom
hurrah;5;nom
humboldt;5;nr
hitch;5;nr
hisser;5;ver
hier;5;adv_sup
hasarder;5;ver
hardi;5;adj
habituel;5;adj
habile;5;adj
gêner;5;ver
grimace;5;nom
furieux;5;adj
funeste;5;adj
fumer;5;ver
fracas;5;nom
forster;5;nr
formidable;5;adj
fonctionnaire;5;nom
foc;5;nom
faveur;5;nom
faux;5;adj
fanatique;5;nom
fakir;5;nom
exécuter;5;ver
express;5;adj
estimer;5;ver
espoir;5;nom
escalier;5;nom
escale;5;nom
erreur;5;nom
ensemble;5;adv
emprisonner;5;ver
emplette;5;nom
détachement;5;nom
délit;5;nom
délai;5;nom
déesse;5;nom
drôle;5;adj
dresser;5;ver
difficulté;5;nom
demi_heure;5;nom
danser;5;ver
céleste;5;adj
crédit;5;nom
coutume;5;nom
conviction;5;nom
contempler;5;ver
consacrer;5;ver
congé;5;nom
condamnation;5;nom
compartiment;5;nom
combustible;5;nom
chronicle;5;nr
chauffeur;5;nom
chant;5;nom
changement;5;nom
cerveau;5;nom
celui_là;5;pro_dem
caution;5;nom
case;5;nom
caractère;5;nom
capricieux;5;adj
canot;5;nom
bungalow;5;nom
britannique;5;adj
bondir;5;ver
bassin;5;nom
bambou;5;nom
avantage;5;nom
avancé;5;adj
auteur;5;nom
aujourd_hui;5;adv_sup
auditeur;5;nom
aucunement;5;adv_sup
attentivement;5;adv
assommer;5;ver
asie;5;nr
appareiller;5;ver
amende;5;nom
allure;5;nom
allumer;5;ver
aimable;5;adj
aiguille;5;nom
affiche;5;nom
admirablement;5;adv
accoster;5;ver
abasourdir;5;ver
500;5;num
5;5;num
4;5;num
25;5;num
étudier;4;ver
étendue;4;nom
équilibriste;4;nom
équilibre;4;nom
épargner;4;ver
église;4;nom
éclat;4;nom
éclairé;4;adj
échanger;4;ver
écart;4;nom
ébranler;4;ver
young;4;nr
yankee;4;nom
wilson;4;nr
véritablement;4;adv
vos;4;adj_pos
voilure;4;nom
vive;4;ono
viser;4;ver
violer;4;ver
vingt_trois;4;adj_num
vider;4;ver
vexer;4;ver
verre;4;nom
télégraphique;4;adj
typhon;4;nom
troupeau;4;nom
trottoir;4;nom
trente_cinq;4;adj_num
traînée;4;nom
tourmenter;4;ver
total;4;adj
tort;4;nom
torrent;4;nom
tonneau;4;nom
tonne;4;nom
thé;4;nom
terreur;4;nom
tarder;4;ver
tantôt;4;adv
surveiller;4;ver
supérieur;4;adj
splendide;4;adj
spectacle;4;nom
soupape;4;nom
solide;4;adj
signer;4;ver
siffler;4;ver
shilling;4;nom
serpent;4;nom
septentrional;4;adj
septembre;4;nom
secret;4;adj
secours;4;nom
salcette;4;nr
sacrilège;4;nom
rôle;4;nom
rêve;4;nom
résultat;4;nom
résolution;4;nom
réserve;4;nom
rose;4;adj
rocheux;4;adj
ressource;4;nom
respirer;4;ver
repas;4;nom
repartir;4;ver
renseignement;4;nom
relativement;4;adv
redoubler;4;ver
redescendre;4;ver
rayon;4;nom
ramure;4;nom
railways;4;nr
quelques_unes;4;pro_ind
pulluler;4;ver
publier;4;ver
prêter;4;ver
prétexte;4;nom
provision;4;nom
proprement;4;adv
propos;4;nom
profondeur;4;nom
profiler;4;ver
probablement;4;adv
principalement;4;adv
pression;4;nom
pratique;4;adj
pourvoir;4;ver
portion;4;nom
poisson;4;nom
pluie;4;nom
plat;4;adj
piquer;4;ver
physionomie;4;nom
perspective;4;nom
perruque;4;nom
permission;4;nom
percer;4;ver
peninsular;4;nr
pendre;4;ver
passion;4;nom
paroi;4;nom
parfaire;4;ver
paquet;4;nom
papier;4;nom
ouverture;4;nom
ouest;4;nom
organiser;4;ver
ordinaire;4;adj
opération;4;nom
omnibus;4;nom
oiseau;4;nom
office;4;nom
objet;4;nom
nuire;4;ver
nuage;4;nom
nourriture;4;nom
notice;4;nom
nos;4;adj_pos
nevada;4;nr
nerveux;4;adj
nebraska;4;nr
nationalité;4;nom
nagasaki;4;nr
mystérieux;4;adj
mortel;4;adj
monument;4;nom
montagneux;4;adj
mollir;4;ver
missouri;4;nr
minaret;4;nom
militaire;4;adj
merveilleux;4;adj
maudit;4;adj
matelot;4;nom
massif;4;adj
maritime;4;adj
marchandise;4;nom
manifester;4;ver
malheureusement;4;adv
malacca;4;nr
magistrat;4;nom
magasin;4;nom
lune;4;nom
lundi;4;nom
longtemps;4;adv_sup
longer;4;ver
livrer;4;ver
liqueur;4;nom
liberté;4;nom
lettre;4;nom
lecture;4;nom
larme;4;nom
largement;4;adv
langue;4;nom
lake;4;nr
kholby;4;nr
jusqu_aux;4;nr
jean;4;nom
involontaire;4;adj
interroger;4;ver
insensé;4;adj
injure;4;nom
industriel;4;adj
impénétrable;4;adj
illinois;4;nr
hutte;4;nom
hurlement;4;nom
hudson;4;nr
horrible;4;adj
honorer;4;ver
guère;4;adv
guider;4;ver
guerre;4;nom
gréer;4;ver
golfe;4;nom
globe;4;nom
glacé;4;adj
garde_voie;4;nom
galerie;4;nom
fuite;4;nom
fruit;4;nom
fraîchir;4;ver
fou;4;adj
forme;4;nom
formalité;4;nom
flâner;4;ver
flot;4;nom
feuillage;4;nom
ferré;4;adj
favoriser;4;ver
fatiguer;4;ver
famille;4;nom
fait;4;nom
explication;4;nom
exercer;4;ver
excellent;4;adj
exactement;4;adv
estomac;4;nom
envie;4;nom
entourer;4;ver
enfoncer;4;ver
enfermer;4;ver
enclos;4;nom
embouchure;4;nom
embarquement;4;nom
effrayer;4;ver
dévorer;4;ver
désordre;4;nom
désir;4;nom
déplorable;4;adj
dépister;4;ver
démontrer;4;ver
découverte;4;nom
dur;4;adj
diverses;4;adj_ind
dissiper;4;ver
dissimuler;4;ver
discussion;4;nom
dimanche;4;nom
dessiner;4;ver
desquelles;4;pro_rel
danger;4;nom
cérémonie;4;nom
cuivre;4;nom
criminel;4;nom
crainte;4;nom
courbe;4;nom
courageux;4;adj
costume;4;nom
convaincre;4;ver
contourner;4;ver
consentir;4;ver
consciencieusement;4;adv
condamner;4;ver
comporter;4;ver
compliment;4;nom
communicatif;4;adj
colorado;4;nr
classe;4;nom
circulaire;4;adj
cinquantaine;4;nom
chèque;4;nom
chiner;4;ver
chien;4;nom
chemise;4;nom
chaussure;4;nom
chaudière;4;nom
chanvre;4;nom
carré;4;adj
carreau;4;nom
canal;4;nom
californie;4;nom
caissier;4;nom
cadavre;4;nom
cacolets;4;nr
brouette;4;nom
brisé;4;adj
briller;4;ver
brigham;4;nr
brigantine;4;nom
brandy;4;nom
brahma;4;nr
bow;4;nr
bourrasque;4;nom
bosser;4;ver
bonheur;4;nom
bleu;4;adj
bengale;4;nr
bazar;4;nom
baromètre;4;nom
banquier;4;nom
bannière;4;nom
baie;4;nom
babouche;4;nom
avenir;4;nom
auxquelles;4;pro_rel
auprès_de;4;nr
au_devant;4;adv
au_delà;4;adv
attention;4;ono
attaquer;4;ver
attacher;4;ver
arranger;4;ver
armée;4;nom
apposer;4;ver
apporter;4;ver
appliquer;4;ver
amour;4;nom
ambulant;4;adj
allonger;4;ver
afrique;4;nr
affluer;4;ver
administration;4;nom
actuellement;4;adv
acquisition;4;nom
accorder;4;ver
accabler;4;ver
absolu;4;adj
abattre;4;ver
9;4;num
3;4;num
23;4;num
22;4;num
12;4;num
événement;3;nom
étrange;3;adj
étage;3;nom
épouvante;3;nom
éperon;3;nom
énergumène;3;nom
énergique;3;adj
ému;3;adj
électrique;3;adj
égypte;3;nr
également;3;adv
éducation;3;nom
écrire;3;ver
éclatant;3;adj
éclairer;3;ver
écarter;3;ver
éblouissant;3;adj
ça;3;pro_dem
âme;3;nom
zébu;3;nom
wahsatch;3;nr
vôtre;3;pro_pos
vulgaire;3;adj
voltige;3;nom
volonté;3;nom
volontaire;3;adj
vocifération;3;nom
virer;3;ver
village;3;nom
victoria;3;nom
versant;3;nom
verdoyant;3;adj
vendredi;3;nom
varié;3;adj
vainement;3;adv
vaincre;3;ver
vain;3;adj
unième;3;adj
unique;3;adj
tuyau;3;nom
turban;3;nom
trousse;3;nom
trot;3;nom
troisième;3;adj
triste;3;adj
traîner;3;ver
transe;3;nom
tramway;3;nom
touchant;3;adj
times;3;nr
tiers;3;nom
terrasse;3;nom
terme;3;nom
tendu;3;adj
température;3;nom
tels;3;adj_ind
tasse;3;nom
tangage;3;nom
tambour;3;nom
taillis;3;nom
tablette;3;nom
système;3;nom
surplus;3;nom
superficie;3;nom
sujet;3;nom
suffisant;3;adj
sucre;3;nom
succomber;3;ver
successivement;3;adv
spécialement;3;adv
spectateur;3;nom
souvenir;3;ver
sourciller;3;ver
sourcil;3;nom
soupçon;3;nom
souper;3;nom
souhaiter;3;ver
sottise;3;nom
soixante_dix;3;adj_num
silencieusement;3;adv
sierra;3;nom
sienne;3;pro_pos
sexe;3;nom
sergent;3;nom
semelle;3;nom
secousse;3;nom
second;3;adj
saut;3;nom
saurer;3;ver
sauce;3;nom
salt;3;nr
saisissant;3;adj
sain;3;adj
saillant;3;adj
rêver;3;ver
révéler;3;ver
résine;3;nom
résider;3;ver
répliquer;3;ver
répandre;3;ver
régularité;3;nom
réfugier;3;ver
réclamer;3;ver
réalité;3;nom
ronde;3;nom
roi;3;nom
riz;3;nom
rios;3;nr
revirement;3;nom
reprocher;3;ver
remplacer;3;ver
remercier;3;ver
remarquable;3;adj
relier;3;ver
relation;3;nom
refus;3;nom
refluer;3;ver
refaire;3;ver
redouter;3;ver
recommandation;3;nom
rasseoir;3;ver
ramper;3;ver
rage;3;nom
rafraîchir;3;ver
queue;3;nom
quelques_uns;3;pro_ind
quatre_vingt;3;adj_num
quarante_huit;3;adj_num
pyramide;3;nom
prétoire;3;nom
présomption;3;nom
préserver;3;ver
précis;3;adj
province;3;nom
promis;3;adj
profondément;3;adv
profil;3;nom
profession;3;nom
prier;3;ver
pratiquer;3;ver
porto;3;nom
polygames;3;nr
politique;3;nom
plan;3;nom
plaisir;3;nom
plaisanter;3;ver
pièce;3;nom
pirate;3;nom
piller;3;ver
peur;3;nom
peser;3;ver
perle;3;nom
pensif;3;adj
patrie;3;nom
passionner;3;ver
partisan;3;nom
particulier;3;adj
parsie;3;nr
parisien;3;adj
parfum;3;nom
parfait;3;adj
parer;3;ver
pantalon;3;nom
pain;3;nom
orchestre;3;nom
opinion;3;nom
ohio;3;nr
oeuvre;3;nom
obéir;3;ver
obscur;3;adj
nécessité;3;nom
nécessairement;3;adv
numéro;3;nom
note;3;nom
notablement;3;adv
north;3;nr
noeud;3;nom
noble;3;adj
niveau;3;nom
net;3;adj
naviguer;3;ver
navigation;3;nom
narcotique;3;nom
mériter;3;ver
mélanger;3;ver
méditer;3;ver
médiocre;3;adj
mécanique;3;adj
mâture;3;nom
mylord;3;nom
muscadiers;3;nr
mur;3;nom
munir;3;ver
mouiller;3;ver
montgommery;3;nr
modeste;3;adj
misérable;3;adj
mississippi;3;nr
missionnaire;3;nom
misaine;3;nom
minimum;3;nom
mikado;3;nom
merveille;3;nom
mener;3;ver
mendiant;3;nom
maximum;3;nom
martyr;3;nom
mari;3;nom
manoeuvre;3;nom
malheur;3;nom
malencontreux;3;adj
maigre;3;adj
madras;3;nom
machinalement;3;adv
macao;3;nr
lorsqu;3;con
longueur;3;nom
liste;3;nom
lingot;3;nom
lesquelles;3;pro_rel
lentement;3;adv
ledit;3;adj
lecteur;3;nom
larguer;3;ver
largeur;3;nom
laps;3;nom
lacs;3;nom
justifier;3;ver
justement;3;adv
juste;3;adj_sup
jusque;3;pre
juron;3;nom
jungle;3;nom
jourdain;3;nr
joseph;3;nom
jongleur;3;nom
joli;3;adj
jejeeh;3;nr
jaune;3;adj
jauger;3;ver
jardin;3;nom
jaggernaut;3;nr
ivrogne;3;nom
issue;3;nom
irrévocablement;3;adv
irriter;3;ver
iowa;3;nr
inviter;3;ver
intrépide;3;adj
international;3;adj
interminable;3;adj
interlocuteur;3;nom
insuffisant;3;adj
inquiétant;3;adj
inquiet;3;adj
innombrable;3;adj
infortuné;3;adj
indoue;3;nr
incruster;3;ver
inconnu;3;nom
incliner;3;ver
incessant;3;adj
inanimé;3;adj
imprévu;3;nom
imprégner;3;ver
imprimer;3;ver
impassibilité;3;nom
imagination;3;nom
hôte;3;nom
héraut;3;nom
hé;3;ono
hollande;3;nom
hollandais;3;nom
havre;3;nom
hang;3;nr
haleine;3;nom
géographie;3;nom
gymnastique;3;nom
gymnaste;3;nom
guinée;3;nom
guet_apens;3;nom
grimaçant;3;adj
green;3;nom
gracieux;3;adj
goûter;3;ver
glace;3;nom
gigantesque;3;adj
ghâtes;3;nr
genre;3;nom
féroce;3;adj
fâcheux;3;adj
fuseau;3;nom
fumeur;3;nom
fréquenter;3;ver
frotter;3;ver
franchement;3;adv
france;3;nr
fourrer;3;ver
fixe;3;adj
fier;3;ver
fellah;3;nom
favori;3;adj
fauteuil;3;nom
farouche;3;adj
farceur;3;nom
faisable;3;adj
extraordinaire;3;adj
extradition;3;nom
exprimer;3;ver
excuser;3;ver
esq;3;nr
espérance;3;nom
errer;3;ver
entrepôt;3;nom
ensuite;3;adv_sup
enrichir;3;ver
enragé;3;adj
enquête;3;nom
ennemi;3;nom
enivrer;3;ver
enfuir;3;ver
encombrer;3;ver
encadrer;3;ver
embarrassé;3;adj
elle_même;3;pro_per
effroyable;3;adj
effort;3;nom
détruire;3;ver
détresse;3;nom
détendu;3;adj
désirer;3;ver
désigner;3;ver
désespéré;3;adj
dérouler;3;ver
déranger;3;ver
déraillement;3;nom
dépit;3;nom
dénoter;3;ver
démesurément;3;adv
défilé;3;nom
décontenancé;3;adj
déclarer;3;ver
déchaîner;3;ver
débiter;3;ver
débarquement;3;nom
dunette;3;nom
dublin;3;nr
drap;3;nom
douzaine;3;nom
doux;3;adj
douvres;3;nr
dominer;3;ver
domination;3;nom
dizaine;3;nom
dix_neuf;3;adj_num
diviser;3;ver
distingué;3;adj
distinguer;3;ver
disque;3;nom
disciple;3;nom
destination;3;nom
desservir;3;ver
demi_mille;3;nom
demeuré;3;nom
demeure;3;nom
dedans;3;adv_sup
dangereux;3;adj
célébrer;3;ver
cèdre;3;nom
cymbale;3;nom
curiosité;3;nom
cultiver;3;ver
couteau;3;nom
courtier;3;nom
coureur;3;nom
courber;3;ver
coupable;3;adj
couler;3;ver
contretemps;3;nom
contrarier;3;ver
content;3;adj
conséquence;3;nom
consultant;3;nom
construire;3;ver
construction;3;nom
consommer;3;ver
considérablement;3;adv
conscience;3;nom
congrès;3;nom
conférence;3;nom
confondre;3;ver
confirmer;3;ver
conduite;3;nom
concours;3;nom
concordance;3;nom
concert;3;nom
complètement;3;adv
commun;3;adj
comestible;3;adj
combien;3;adv_sup
co;3;adv
clore;3;ver
cloche;3;nom
clairière;3;nom
clair;3;adj
cirque;3;nom
cipaye;3;nom
châssis;3;nom
châle;3;nom
choisir;3;ver
chevelure;3;nom
chaussette;3;nom
chausser;3;ver
chat;3;nom
chasse;3;nom
charme;3;nom
chargement;3;nom
chaise;3;nom
cercle;3;nom
centrale;3;nom
centaine;3;nom
casse_tête;3;nom
carnaval;3;nom
carnassier;3;adj
caresser;3;ver
canon;3;nom
camp;3;nom
calcul;3;nom
cabinet;3;nom
cab;3;nom
byron;3;nr
brun;3;adj
braver;3;ver
brahmanique;3;adj
bradshaw;3;nr
boîte;3;nom
bourreau;3;nom
bouquet;3;nom
border;3;ver
bonhomme;3;nom
bombe;3;nom
boisson;3;nom
boeuf;3;nom
bizarre;3;adj
bison;3;nom
billet;3;nom
bibliothèque;3;nom
bateau_pilote;3;nom
barbe;3;nom
banderole;3;nom
balbutier;3;ver
balancier;3;nom
bagarre;3;nom
avis;3;nom
aventurer;3;ver
avarie;3;nom
auxquels;3;pro_rel
automate;3;nom
auparavant;3;adv_sup
au_dessous;3;adv
attaque;3;nom
association;3;nom
assassin;3;nom
arrondir;3;ver
armateur;3;nom
ardeur;3;nom
architecture;3;nom
arbrisseau;3;nom
appui;3;nom
apprécier;3;ver
appartement;3;nom
apparition;3;nom
antique;3;adj
angle;3;nom
allécher;3;ver
allié;3;nom
ale;3;nom
albermale;3;nr
agrémenter;3;ver
agréable;3;adj
affubler;3;ver
affecter;3;ver
adresse;3;nom
admirer;3;ver
acrobate;3;nom
accrocher;3;ver
accourir;3;ver
abuser;3;ver
absorber;3;ver
abréger;3;ver
aborder;3;ver
abondamment;3;adv
8;3;num
29;3;num
1872;3;num
100;3;num
10;3;num
îlot;2;nom
éventualité;2;nom
étrave;2;nom
étrangler;2;ver
étouffer;2;ver
étang;2;nom
étalage;2;nom
étager;2;ver
équinoxe;2;nom
épreuve;2;nom
épouvanté;2;adj
épouvantable;2;adj
énigmatique;2;adj
émigrant;2;nom
émerger;2;ver
éléphanta;2;nr
élève;2;nom
élection;2;nom
élan;2;nom
égyptien;2;adj
égaler;2;ver
écrouler;2;ver
échange;2;nom
écarté;2;adj
ébène;2;nom
âgé;2;adj
zénith;2;nom
yeddo;2;nr
yakounines;2;nr
yacht;2;nom
wyoming;2;nr
whisnou;2;nr
weber;2;nr
véranda;2;nom
volant;2;adj
volaille;2;nom
voilé;2;adj
vis_à_vis;2;pre
vingt_deux;2;adj_num
vieillard;2;nom
vide;2;adj
verser;2;ver
vermont;2;nr
vendeur;2;nom
veine;2;nom
varier;2;ver
valet;2;nom
vague;2;nom
utiliser;2;ver
user;2;ver
uniquement;2;adv
témoigner;2;ver
tâche;2;nom
type;2;nom
tussaud;2;nr
turin;2;nr
tunnel;2;nom
tunique;2;nom
tumulte;2;nom
tu;2;pro_per
trunk;2;nr
trouble;2;nom
trou;2;nom
tropical;2;adj
triompher;2;ver
trinquette;2;nom
tribunal;2;nom
trentaine;2;nom
trembler;2;ver
travailler;2;ver
transit;2;nom
trajet;2;nom
tourbillon;2;nom
toupie;2;nom
torpeur;2;nom
tonnerre;2;nom
toit;2;nom
tissu;2;adj
tige;2;nom
terrain;2;nom
tentative;2;nom
telles;2;adj_ind
telegraph;2;nr
taverne;2;nom
tankas;2;nr
tambourin;2;nom
tamarins;2;nr
talent;2;nom
taire;2;ver
sûrement;2;adv
sévèrement;2;adv
série;2;nom
séjourner;2;ver
sécurité;2;nom
symptôme;2;nom
suspect;2;adj
susciter;2;ver
survenir;2;ver
surveillance;2;nom
surgir;2;ver
supporter;2;ver
superflu;2;adj
succulent;2;adj
successeur;2;nom
subjuguer;2;ver
subit;2;adj
stupéfiant;2;adj
strand;2;nr
stationner;2;ver
star;2;nom
standard;2;adj
square;2;nom
spirale;2;nom
spardeck;2;nr
soyeux;2;adj
souriant;2;adj
source;2;nom
souplesse;2;nom
souffrir;2;ver
soudainement;2;adv
soucieux;2;adj
sortie;2;nom
somptueux;2;adj
somptueusement;2;adv
solaire;2;adj
soixante_seize;2;adj_num
soixante_quinze;2;adj_num
soixante_dix_neuf;2;adj_num
siècle;2;nom
sinistre;2;adj
sillonner;2;ver
silhouette;2;nom
silencieux;2;adj
signifier;2;ver
sifflement;2;nom
shéridan;2;nr
shiva;2;nr
seuil;2;nom
serviable;2;adj
serra;2;nom
sensiblement;2;adv
sensible;2;adj
section;2;nom
scrupuleusement;2;adv
science;2;nom
satisfaire;2;ver
sapin;2;nom
salut;2;ono
rôti;2;adj
rétablir;2;ver
résonner;2;ver
résistance;2;nom
résigner;2;ver
répugner;2;ver
réplique;2;nom
réparer;2;ver
réparation;2;nom
réintégrer;2;ver
réellement;2;adv
réel;2;adj
règle;2;nom
ruminant;2;nom
roulis;2;nom
roulant;2;adj
rothal;2;nr
room;2;nr
rond;2;nom
rock;2;nom
robuste;2;adj
robbres;2;nr
robbre;2;nr
rizière;2;nom
richement;2;adv
revivre;2;ver
ressort;2;nom
ressentir;2;ver
responsable;2;adj
représenter;2;ver
représentant;2;nom
reporter;2;nom
renvoyer;2;ver
renversant;2;adj
renoncer;2;ver
rendez_vous;2;nom
remuer;2;ver
remplir;2;ver
remous;2;nom
remords;2;nom
rejeter;2;ver
refuge;2;nom
reflet;2;nom
redresser;2;ver
reculer;2;ver
recueillir;2;ver
rectiligne;2;adj
rectifier;2;ver
rechercher;2;ver
ravisseur;2;nom
rattacher;2;ver
rasséréner;2;ver
rarement;2;adv
ranimer;2;ver
ramasser;2;ver
ralentir;2;ver
raisonner;2;ver
racine;2;nom
quotidien;2;adj
quatre_vingtième;2;adj
quatre_vingt_six;2;adj_num
quatorze;2;adj_num
quantième;2;nom
qualificatif;2;nom
pêcheur;2;nom
péristyle;2;nom
périr;2;ver
père;2;nom
pèlerin;2;nom
puissance;2;nom
prévision;2;nom
prétention;2;nom
présumé;2;adj
préparatif;2;nom
précision;2;nom
précipitamment;2;adv
préambule;2;nom
près_des;2;nr
prudence;2;nom
prouver;2;ver
protéger;2;ver
propriétaire;2;nom
proposition;2;nom
proportion;2;nom
propager;2;ver
promenade;2;nom
prolongé;2;adj
proférer;2;ver
produit;2;nom
prodiguer;2;ver
prodigue;2;adj
prodigieux;2;adj
prodigieusement;2;adv
processionnellement;2;nr
problème;2;nom
probe;2;adj
probabilité;2;nom
principe;2;nom
prince;2;nom
prestigieux;2;adj
poursuite;2;nom
portée;2;nom
portugais;2;adj
porteur;2;nom
portefeuille;2;nom
portefaix;2;nom
poney;2;nom
pompier;2;nom
pomme;2;nom
politesse;2;nom
polir;2;ver
poivrier;2;nom
poitrine;2;nom
pointu;2;adj
plonger;2;ver
plausible;2;adj
planter;2;ver
plante;2;nom
plaisanterie;2;nom
plaignant;2;nom
piteux;2;adj
piston;2;nom
piste;2;nom
pier;2;nom
photographie;2;nom
philosophiquement;2;adv
peupler;2;ver
pesanteur;2;nom
perturbation;2;nom
persécution;2;nom
personnel;2;adj
persistance;2;nom
pence;2;nom
peau;2;nom
paysage;2;nom
payement;2;nom
pawnies;2;nr
paupière;2;nom
patiemment;2;adv
passant;2;nom
particulièrement;2;adv
paroxysme;2;nom
parlement;2;nom
parieur;2;nom
pardon;2;ono
pardieu;2;ono
paralytique;2;adj
parallèle;2;adj
parage;2;nom
panorama;2;nom
pall;2;nr
palki;2;nr
palissade;2;nom
oysterpuf;2;nr
outre;2;pre
ours;2;nom
ouragan;2;nom
osciller;2;ver
ornementation;2;nom
orbite;2;nom
opulent;2;adj
opposé;2;nom
opportun;2;adj
ondulation;2;nom
of;2;nr
odorant;2;adj
ocean;2;nr
occidental;2;adj
obstiner;2;ver
obstination;2;nom
néanmoins;2;con
nullement;2;adv
nulle;2;adj_ind
nul;2;adj_ind
nuisible;2;adj
nuance;2;nom
notable;2;adj
nominal;2;adj
nicolas;2;nr
nettement;2;adv
naître;2;ver
navigateur;2;nom
nauvoo;2;nr
national;2;adj
nation;2;nom
narrer;2;ver
nappe;2;nom
méthodique;2;adj
métallique;2;adj
mépris;2;nom
ménage;2;nom
mémoire;2;nom
mutsh;2;nr
musique;2;nom
musicien;2;nom
multicolore;2;adj
moustache;2;nom
moteur;2;adj
mosquée;2;nom
monture;2;nom
montant;2;nom
monotone;2;adj
moeurs;2;nom
moelleux;2;adj
mode;2;nom
mobile;2;nom
mme;2;nom_sup
mm;2;nom_sup
mitre;2;nom
misère;2;nom
mince;2;ono
millier;2;nom
mien;2;pro_pos
miauler;2;ver
meurtre;2;nom
menacer;2;ver
maïs;2;nom
maudire;2;ver
matière;2;nom
matinée;2;nom
marier;2;ver
marchepied;2;nom
manie;2;nom
maniable;2;adj
mangoustes;2;nr
mandeb;2;nr
mall;2;nr
malencontreusement;2;adv
malade;2;adj
majestueux;2;adj
mail;2;nom
maigreur;2;nom
mahout;2;nr
mackintosh;2;nom
légende;2;nom
là_dessus;2;adv
lumineux;2;adj
loque;2;nom
london;2;nr
lointain;2;adj
logique;2;adj
loger;2;ver
locomotion;2;nom
loch;2;nom
locataire;2;nom
local;2;adj
lisse;2;adj
lisière;2;nom
lincoln;2;nr
limpide;2;adj
lieutenant;2;nom
libeller;2;ver
lenteur;2;nom
lataniers;2;nr
laramie;2;nr
laque;2;nom
lamentable;2;adj
lambeau;2;nom
kâli;2;nr
khandeish;2;nr
kandallah;2;nr
justice;2;nom
jurer;2;ver
junior;2;adj
juif;2;adj
jucher;2;ver
jonque;2;nom
jongler;2;ver
joe;2;nr
jeudi;2;nom
jersey;2;nom
jejeebhoy;2;nr
italien;2;adj
isolement;2;nom
irrégulier;2;adj
irlande;2;nr
inévitablement;2;adv
inégal;2;adj
invocation;2;nom
invariable;2;adj
intimité;2;nom
intervention;2;nom
intervalle;2;nom
intensité;2;nom
intelligence;2;nom
insurmontable;2;adj
insu;2;nom
instruction;2;nom
instinct;2;nom
insignifiant;2;adj
inopinément;2;adv
inn;2;nr
inhalation;2;nom
inhabité;2;adj
inférieur;2;adj
informer;2;ver
infléchir;2;ver
inexécutable;2;nr
industrie;2;nom
indoues;2;nr
individu;2;nom
indispensable;2;adj
indian;2;nr
incroyable;2;adj
inconsciemment;2;adv
incendie;2;nom
incapable;2;adj
inauguration;2;nom
in_petto;2;adv
impérial;2;adj
impulsion;2;nom
imprudence;2;nom
impressionner;2;ver
importé;2;adj
importance;2;nom
impatient;2;adj
immédiat;2;adj
imman;2;nr
illustrated;2;nr
hésitation;2;nom
héroïquement;2;adv
héros;2;nom
hérissé;2;adj
hâter;2;ver
hâla;2;nr
hunier;2;nom
humer;2;ver
huissier;2;nom
huile;2;nom
housse;2;nom
houleux;2;adj
houille;2;nom
honteux;2;adj
hip;2;ono
himalaya;2;nom
herbe;2;nom
hennissement;2;nom
hein;2;ono
hausser;2;ver
hauban;2;nom
harmonie;2;nom
hambourgeoise;2;nr
haie;2;nom
habiller;2;ver
générosité;2;nom
généralement;2;adv
gueux;2;nom
guetter;2;ver
grossier;2;adj
grièvement;2;adv
gris;2;adj
grimper;2;ver
grain;2;nom
gouvernail;2;nom
gousset;2;nom
gothique;2;adj
gorgée;2;nom
gorge;2;nom
goguenard;2;adj
godille;2;nom
girofliers;2;nr
gin;2;nom
gilet;2;nom
gibelotte;2;nom
ghari;2;nr
garnir;2;ver
garde_robe;2;nom
galop;2;nom
gageure;2;nom
fécond;2;adj
fâcher;2;ver
fusil;2;nom
fuser;2;ver
fréquenté;2;adj
fréquemment;2;adv
frottement;2;nom
froideur;2;nom
frisson;2;nom
fremont;2;nr
frein;2;nom
fraîcheur;2;nom
frayeur;2;nom
foyer;2;nom
fourrure;2;nom
fourneau;2;nom
fourmillement;2;nom
fouler;2;ver
fougère;2;nom
formuler;2;ver
formellement;2;adv
flottille;2;nom
flotter;2;ver
flottant;2;adj
flocon;2;nom
flair;2;nom
fil;2;nom
fiacre;2;nom
fertile;2;adj
fatigue;2;nom
fatal;2;adj
fantastique;2;adj
fantaisie;2;nom
faiblir;2;ver
faible;2;adj
faculté;2;nom
facilement;2;adv
fabriquer;2;ver
exécution;2;nom
exécutant;2;nom
extérieur;2;adj
explicable;2;adj
exiger;2;ver
exhibition;2;nom
exhiber;2;ver
exemple;2;nom
excuse;2;nom
exclamation;2;nom
excentricité;2;nom
exagérer;2;ver
eux_mêmes;2;pro_per
essouffler;2;ver
espèce;2;nom
envers;2;pre
enveloppe;2;nom
entêté;2;nom
entreprise;2;nom
entreprendre;2;ver
entièrement;2;adv
enthousiasmer;2;ver
entasser;2;ver
enrouler;2;ver
ennui;2;nom
engagement;2;nom
enfouir;2;ver
enflammer;2;ver
endormir;2;ver
encombrant;2;adj
emprisonnement;2;nom
emplacement;2;nom
empereur;2;nom
emmener;2;ver
embrasser;2;ver
embaumer;2;ver
embardée;2;nom
el;2;nr
ecclésiastique;2;adj
dûment;2;adv
dévisager;2;ver
détour;2;nom
détestable;2;adj
désolé;2;adj
désappointer;2;ver
dépression;2;nom
déployer;2;ver
déplaire;2;ver
déplacer;2;ver
déplacement;2;nom
dénouement;2;nom
défroque;2;nom
défiler;2;ver
dédaigner;2;ver
décrocher;2;ver
découvrir;2;ver
découper;2;ver
déchargement;2;nom
décamper;2;ver
débarrasser;2;ver
durée;2;nom
durcir;2;ver
duquel;2;pro_rel
duel;2;nom
drapeau;2;nom
douceur;2;nom
doucement;2;adv
doubler;2;ver
double;2;adj
dossier;2;nom
dortoir;2;nom
dormeur;2;nom
dommages_intérêts;2;nom
domicile;2;nom
doigt;2;nom
dix_sept;2;adj_num
dix_huit;2;adj_num
division;2;nom
divin;2;adj
distinct;2;adj
disperser;2;ver
dimension;2;nom
digue;2;nom
différent;2;adj
différence;2;nom
devancer;2;ver
desquels;2;pro_rel
descendant;2;nom
daily;2;nr
côtoyer;2;ver
custom;2;nom
cunard;2;nr
cuisinier;2;nom
créature;2;nom
croiser;2;ver
cristal;2;nom
creux;2;adj
couronner;2;ver
couronne;2;nom
courage;2;nom
cour;2;nom
coton;2;nom
coter;2;ver
corne;2;nom
coquille;2;nom
copieusement;2;adv
convenu;2;adj
convenablement;2;adv
convenable;2;adj
contrôler;2;ver
contredire;2;ver
contour;2;nom
consommateur;2;nom
consacré;2;adj
conquête;2;nom
confus;2;adj
confortablement;2;adv
confier;2;ver
confidence;2;nom
concevoir;2;ver
concerner;2;ver
comptoir;2;nom
complaisance;2;nom
communiquer;2;ver
commission;2;nom
commercial;2;adj
combiner;2;ver
combattre;2;ver
coloré;2;adj
colonie;2;nom
collier;2;nom
collet;2;nom
colis;2;nom
cohue;2;nom
cocher;2;nom
coach;2;nom
clou;2;nom
clinquant;2;adj
clairement;2;adv
civilisé;2;adj
circulation;2;nom
circonférence;2;nom
cinquantième;2;nom
cinquante_deux;2;adj_num
cil;2;nom
château;2;nom
chronométrer;2;ver
chronomètre;2;nom
choc;2;nom
chevet;2;nom
chester;2;nom
chavirer;2;ver
charrette;2;nom
charge;2;nom
chanteur;2;nom
chanter;2;ver
chandernagor;2;nr
chaleur;2;nom
chair;2;nom
ceylan;2;nr
ceux_là;2;pro_dem
central;2;adj
cenis;2;nr
celle_là;2;pro_dem
catastrophe;2;nom
casser;2;ver
cascade;2;nom
casanier;2;adj
carrément;2;adv
carpe;2;nom
caprice;2;nom
capot;2;nom
cape;2;nom
canton;2;nom
caler;2;ver
caillou;2;nom
caféier;2;nom
cadre;2;nom
cadran;2;nom
bénéfice;2;nom
béhar;2;nr
buste;2;nom
burhampour;2;nr
bulletin;2;nom
buffle;2;nom
brouhaha;2;nom
bronze;2;nom
brocanteur;2;nom
broadway;2;nr
british;2;adj
brillant;2;adj
bridger;2;ver
bretagne;2;nr
bravement;2;adv
brasseur;2;nom
brahmane;2;nom
boxe;2;nom
boutique;2;nom
bouteille;2;nom
bouillir;2;ver
bouger;2;ver
bouffée;2;nom
bouddhisme;2;nom
boucherie;2;nom
bouche;2;nom
bordée;2;nom
bonnet;2;nom
boat;2;nr
blâmer;2;ver
blond;2;adj
bleuâtre;2;adj
blessé;2;nom
blesser;2;ver
bitter;2;ver
biscuit;2;nom
besogne;2;nom
berner;2;ver
beauté;2;nom
bayadère;2;nom
battement;2;nom
barrer;2;ver
barnum;2;nom
barbiche;2;nom
bar;2;nom
bab;2;nr
avertir;2;ver
aventureux;2;adj
avant_port;2;nom
autorité;2;nom
audience;2;nom
aube;2;pre
attraction;2;nom
atteler;2;ver
attelage;2;nom
atout;2;nom
atmosphère;2;nom
assurance;2;nom
assoupir;2;ver
assombrir;2;ver
artère;2;nom
artiste;2;nom
artisan;2;nom
artifice;2;nom
articuler;2;ver
art;2;nom
arsenal;2;nom
arroser;2;ver
arrière_plan;2;nom
arménien;2;adj
arkansas;2;nr
arc;2;nom
arabe;2;nom
après_deux;2;nr
après_de;2;nr
appétit;2;nom
applaudissement;2;nom
appendice;2;nom
appel;2;nom
aplomb;2;nom
apaiser;2;ver
anéantir;2;ver
anxiété;2;nom
antipode;2;nom
annales;2;nom
animé;2;adj
animation;2;nom
andaman;2;nr
and;2;nr
amour_propre;2;nom
american;2;nr
amasser;2;ver
amarre;2;nom
alerte;2;ono
alabama;2;nr
aisément;2;adv
aisé;2;adj
aise;2;nom
aigu;2;adj
aide;2;nom
ahuri;2;nom
agiter;2;ver
agitation;2;nom
agile;2;adj
agglomération;2;nom
adroit;2;adj
adopter;2;ver
administrateur;2;nom
activité;2;nom
acquitter;2;ver
achat;2;nom
accélération;2;nom
accusé;2;nom
accumuler;2;ver
accumulation;2;nom
accoutumer;2;ver
accord;2;nom
accompli;2;adj
accidenté;2;nom
acacia;2;nom
abîmer;2;ver
abrité;2;adj
abriter;2;ver
abaisser;2;ver
abaissement;2;nom
50;2;num
43;2;num
40;2;num
300;2;num
250;2;num
17;2;num
15;2;num
117;2;num